{
    "arabica": [
        {
            "foto": "images/produk/product_capuchino.jpg",
            "nama": "Cappuccino Arabica",
            "size": "500 Gram",
            "harga": "200.000",
            "link": "https://www.google.com/search?q=cappuccino+arabica&tbm=shop"
        },
        {
            "foto": "images/produk/product_espresso.jpg",
            "nama": "Pahit Arabica",
            "size": "100 Gram",
            "harga": "100.000",
            "link": "https://www.google.com/search?q=pahit+arabica&tbm=shop"
        },
        {
            "foto": "images/produk/product_latte.jpg",
            "nama": "Latte Arabica",
            "size": "150 Gram",
            "harga": "150.000",
            "link": "https://www.google.com/search?q=latte+arabica&tbm=shop"
        }
    ],
    "robusta": [
        {
            "foto": "images/produk/product_kopi_susu.jpg",
            "nama": "Kopi Susu Robusta",
            "size": "100 Gram",
            "harga": "500.000",
            "link": "https://www.google.com/search?q=kopi+susu+robusta&tbm=shop"
        },
        {
            "foto": "images/produk/product_latte.jpg",
            "nama": "Latte Robusta",
            "size": "150 Gram",
            "harga": "150.000",
            "link": "https://www.google.com/search?q=latte+robusta&tbm=shop"
        }
    ],
    "non kopi": [
        {
          "foto": "images/produk/product_green_tea.jpg",
          "nama": "Ice Cream Matcha Non kopi",
          "size": "100 Gram",
          "harga": "500.000",
          "link": "https://www.google.com/search?q=ice+cream+matcha+non+kopi&tbm=shop"
        },
        {
          "foto": "images/produk/product_ice_cream_waffle.jpg",
          "nama": "Ice Cream Waffle Non kopi",
          "size": "150 Gram",
          "harga": "150.000",
          "link": "https://www.google.com/search?q=ice+cream+waffle+non+kopi&tbm=shop"
        }
    ]
}